<?xml version="1.0" encoding="UTF-8"?>
<!DOCTYPE hibernate-mapping PUBLIC 
    "-//Hibernate/Hibernate Mapping DTD 3.0//EN"
    "http://hibernate.sourceforge.net/hibernate-mapping-3.0.dtd">
<hibernate-mapping>
  <class name="com.cts.entities.Customer" table="SingleINH_Customer" discriminator-value="customerobj">
	   <id name="customerId" type="int" column="CustomerId" >
	   <generator class="identity"/>
	  </id>
     <discriminator type="string" column="ObjectName"></discriminator>
	  <property name="customerName">
		 <column name="CustomerName" />
	  </property>
	  
	  <subclass name="com.cts.entities.NewCustomer" discriminator-value="Newcustomer"></subclass>
	  
	  <subclass name="com.cts.entities.ExistingCustomer" discriminator-value="Existingcustomer">
	  <property name="points">
		 <column name="Points" />
	  </property></subclass>
	  
   </class>  

</hibernate-mapping>