<?xml version="1.0" encoding="UTF-8"?>
<!DOCTYPE hibernate-configuration PUBLIC
"-//Hibernate/Hibernate Configuration DTD//EN"
"http://hibernate.sourceforge.net/hibernate-configuration-3.0.dtd">

<hibernate-configuration>
<session-factory>
      <property name="hibernate.connection.driver_class">com.mysql.jdbc.Driver</property>
      <property name="hibernate.connection.url">jdbc:mysql://localhost:3306/cognizantdb</property>
      <property name="hibernate.connection.username">root</property>
      <property name="hibernate.connection.password">root</property>
      <property name="hibernate.connection.pool_size">10</property>
      <property name="show_sql">true</property>
      <property name="dialect">org.hibernate.dialect.MySQLDialect</property>
      <property name="hibernate.hbm2ddl.auto">update</property>
      <property name="hibernate.jdbc.batch_size">20</property>
      
      <!-- Enable the Second Level cache -->
      <property name="hibernate.cache.use_second_level_cache">true</property>
      <property name="net.sf.ehcache.configurationResourceName">ehcache.xmal</property>
      <property name="hibernate.cache.region.factory_class">org.hibernate.cache.ehcache.singletonEhcacheRegionFactory</property>
      <!-- Mapping files -->
    
 <mapping class="com.cts.entity.Location"/>
 <mapping class="com.cts.entity.Event"/>
 <mapping class="com.cts.entity.Booking"/>
 <mapping class="com.cts.entity.BookingC"/>
 <mapping class="com.cts.entity.Customer"/>
 <mapping class="com.cts.entity.ExistingCustomer"/>
 <mapping class="com.cts.entity.NewCustomer"/>
 
    
</session-factory>
</hibernate-configuration>
