<?xml version="1.0" encoding="UTF-8"?>
<!DOCTYPE hibernate-mapping PUBLIC 
    "-//Hibernate/Hibernate Mapping DTD 3.0//EN"
    "http://hibernate.sourceforge.net/hibernate-mapping-3.0.dtd">
<hibernate-mapping>
  <class name="com.cognizant.entities.Room" table="Room">
	   <id name="roomNo" type="int" column="RoomNo" >
	   <generator class="identity"/>
	  </id>
     
	  <property name="location">
		 <column name="Location" />
	  </property>
	
	  <property name="capacity">
		 <column name="Capacity" />
	  </property>
	  <property name="proj_ava">
		 <column name="Is_Proj_ava" />
	  </property>
	  <property name="sys_ava">
		 <column name="Is_Sys_ava" />
	  </property>
	  
   </class>  

</hibernate-mapping>